compound,solvent,lambda_max
CCOc1nc(cc(c1C#N)c1ccc(cc1)N1CCOCC1)c1ccc(cc1)Cl,ClC(Cl)Cl,290.8
N#Cc1ccc(nc1)c1ccc(cc1)F,ClC(Cl)Cl,270.5
CCOc1nc(cc(c1C#N)c1ccc(cc1)N1CCOCC1)c1ccc(cc1)F,ClC(Cl)Cl,286.3
CCOc1nc(cc(c1C#N)c1ccc(cc1)N1CCOCC1)c1ccc(cc1)C,ClC(Cl)Cl,289.3
CCOc1nc(cc(c1C#N)c1ccc(cc1)N1CCOCC1)c1ccc(cc1)OC,ClC(Cl)Cl,293.3
CCOc1nc(cc(c1C#N)c1ccc(cc1)N1CCOCC1)c1cccs1,ClC(Cl)Cl,299.3
CCOc1nc(cc(c1C#N)c1ccc(cc1)N1CCOCC1)c1ccco1,ClC(Cl)Cl,294.7
CCOc1nc2c(c(c1C#N)c1ccc(cc1)N1CCOCC1)Cc1c2cccc1,ClC(Cl)Cl,292.2
CCOc1nc2c(c(c1C#N)c1ccc(cc1)N1CCOCC1)CSc1c2cccc1,ClC(Cl)Cl,313.3
COC(=O)C1=C(C)NC2=C(C1c1ccccc1Cl)C(=O)C(CC2)(C)C,CO,313.3
COC(=O)C1=C(C)NC2=C(C1c1cccc(c1)Cl)C(=O)C(CC2)(C)C,CO,308.7
COC(=O)C1=C(C)NC2=C(C1c1cccc(c1Cl)Cl)C(=O)C(CC2)(C)C,CO,312.9
CNc1ccccc1,CCCCCC,260.3
Nc1ccccc1,CCCCCC,254
COC(=O)c1c(C(=O)OC)c2n(c1C)nc(cc2)C,C1CCCCC1,336
COC(=O)c1c(C(=O)OC)c2n(c1CC)nc(cc2)c1ccccc1,C1CCCCC1,338.6
COc1cc(OC)cc2c1cc(c1ccccc1)c(=O)o2,ClC(Cl)Cl,301.7
COc1ccc2c(c1)oc(=O)c(c2)c1cscc1,ClC(Cl)Cl,304.6
N=C1Cc2ccccc2OC1=O,ClC(Cl)Cl,282.8
CCOC(=O)c1ccn2c(c1)nc1c2cccc1,ClC(Cl)Cl,341.4
CCOC(=O)c1cc2nc3c(n2cc1C)cccc3,ClC(Cl)Cl,346.6
CCOC(=O)c1ccn2c(c1C)nc1c2cccc1,ClC(Cl)Cl,335.5
CCOC(=O)c1c(C)cn2c(c1C)nc1c2cccc1,ClC(Cl)Cl,327.6
CCOC(=O)c1ccn2c(c1c1ccccc1)nc1c2cccc1,ClC(Cl)Cl,337.5
CCOC(=O)c1c(C)cn2c(c1c1ccccc1)nc1c2cccc1,ClC(Cl)Cl,329.3
CCOC(=O)c1ccn2c(c1C)nc1c2cc(c(c1)C)C,ClC(Cl)Cl,337.6
CCOC(=O)c1c(C)cn2c(c1C)nc1c2cc(c(c1)C)C,ClC(Cl)Cl,327.8
CCOC(=O)c1ccn2c(c1c1ccccc1)nc1c2cc(c(c1)C)C,ClC(Cl)Cl,339.1
CCOC(=O)c1c(C)cn2c(c1c1ccccc1)nc1c2cc(c(c1)C)C,ClC(Cl)Cl,331.5
CCN(c1ccc2c(c1)oc(=O)c(c2)c1nc2c(s1)cccc2)CC,CC#N,344.4
O=C(c1ccccc1)c1ccc(cc1)c1scc(c1)NC(=O)C(=C)C,ClC(Cl)Cl,305.5
Clc1ccc(cc1)C(=O)c1ccc(cc1)c1scc(c1)NC(=O)C(=C)C,ClC(Cl)Cl,306.7
O=C1NC(Nc2c1cccc2)c1ccccn1,ClC(Cl)Cl,282.7
O=C1NC(Nc2c1cccc2)c1cccnc1,ClC(Cl)Cl,284.3
O=C1NC(Nc2c1cccc2)c1ccncc1,ClC(Cl)Cl,282.5
Cc1ccc(o1)C1NC(=O)c2c(N1)cccc2,ClC(Cl)Cl,279.9
CSC[C@H]1O[C@H]([C@@H]([C@@H]1O)O)n1ccc2c1ncnc2N,CC(=O)C,254
Cc1ccc(s1)c1ccc(s1)Br,ClC(Cl)Cl,301.9
Cc1ccccc1,Cc1ccccc1,231.5
COC(=O)C1=C(SC(=c2ccc3=C4C=CC(OC4C=Cc3c2)(c2ccccc2)c2ccccc2)S1)C(=O)OC,Cc1ccccc1,419.6
C1=Cc2c(OC1)ccc1c2cccc1,Cc1ccccc1,325.8
ClC(c1cccc2c1cc1cc3cc4ccccc4cc3cc1c2)c1cccc2c1cc1cc3cc4ccccc4cc3cc1c2,CC#N,505.3
ONC(=O)CC1(CCOCC1)S(=O)(=O)c1ccc(cc1)Oc1ccccc1,CO,249.6
ONC(=O)C1(CCOCC1)CS(=O)(=O)c1ccc(cc1)Oc1ccc(cc1)Cl,CO,244.8
NC(C(=O)O)CC(=O)c1cccc2c1nc1c(o2)cc(=O)c2c1c(=O)cc([nH]2)C(=O)O,O,383.2
OC(=O)c1cc(=O)c2c([nH]1)cccc2,O,311.3
OC(=O)C(CC(=O)c1cccc(c1N)O)N,O,296.4
OC(=O)C(CC(=O)c1ccccc1N)N,O,305.5
COc1ccccc1C=CC=NN=Cc1ccc(cc1)[N+](=O)[O-],C1COCCO1,349.3
Fc1cccc(c1)Nc1nc2c(n1CCCn1cncc1)cc1c(c2)c(C)c(c(=O)o1)C(=O)N,CCO,310.1
c1ccc(cc1)C1=CC(=CC=Cc2cnccn2)C=C(O1)c1ccccc1,ClC(Cl)Cl,369.9
COc1c(OC)cc(cc1OC)c1nc2CCc3c(c2c2c1c1ccc(cc1CC2)Br)ccc(c3)Br,ClC(Cl)Cl,297.4
CC(C=Cc1c2ccccc2cc2c1cccc2)(C=Cc1c2ccccc2cc2c1cccc2)C,ClC(Cl)Cl,365.1
O=C(c1nccnc1C)C=Cc1ccc(cc1)N(C)C,CCO,353.4
COc1cc2c(cc1OC)Cc1c2cc2cc3ccccc3nc2n1,CC(=O)C,345.3
Oc1ccccc1c1nc2CCc3c(c2c2c1c1ccccc1CC2)cccc3,ClC(Cl)Cl,307.3
C1CC2=Cc3ccc([nH]3)C=c3[nH]c(=Cc4[nH]c(C=C1N2)cc4)cc3,ClC(Cl)Cl,573.9
COc1ccc2c(c1)cc1c(n2)[nH]c(=O)c(c1)C#N,CC(=O)C,350.4
Clc1ccc(cc1)c1cc(n(n1)Cc1ccccc1)c1nnc(o1)c1ccccc1,ClC(Cl)Cl,275.4
[O-][N+](=O)c1ccc2c(c1)C(C)(C)C1(N2C)C=Cc2c(O1)c(cc1c2cccc1)c1nc2c(s1)cccc2,CC(=O)C,322.6
CCCN1c2ccc(cc2Sc2c1cccc2)C=Cc1cc(=O)oc2c1cc(C)cc2,ClC(Cl)Cl,343.3
[O-][N+](=O)c1ccc(cc1)C=NN=Cc1ccc2c(c1)cccc2,C1COCCO1,346.9
CN(c1ccc(cc1)c1c(F)c(F)c(c(c1F)F)c1ccc(cc1)N(C)C)C,ClC(Cl)Cl,268.8
CC(C1=CC(=CC=Cc2ccncn2)C=C(O1)C(C)(C)C)(C)C,ClC(Cl)Cl,336.5
CO[Si](CCCSC(=O)c1ccncc1)(OC)OC,ClC(Cl)Cl,287.6
COc1ccc(c(c1)OC)Cn1c(Nc2ccc(cc2)I)nc2c1cc1oc(=O)c(c(c1c2)C)C(=O)N,CCO,312.3
Fc1ccc(cc1)c1nc2CCc3c(c2c2c1c1ccccc1CC2)cccc3,ClC(Cl)Cl,288.8
CN(c1ccc(cc1)c1nc2CCc3c(c2c2c1c1ccccc1CC2)cccc3)C,CC#N,305.2
Brc1ccc2c(c1)CCc1c2c(nc2c1c1ccc(cc1CC2)Br)c1ccc(cc1)[N+](=O)[O-],ClC(Cl)Cl,317.1
N#Cc1c(N)sc2c1c1ccccc1C2=Nc1ccc(cc1)[N+](=O)[O-],CC(=O)C,401.2
CCc1nccnc1C(=O)C=Cc1ccc(cc1)N(C)C,CCO,349.5
[O-][N+](=Cc1ccc2c(c1)Sc1c(N2C)cccc1)c1cccc(c1)C(=O)C,ClC(Cl)Cl,330.1
c1ccc2c(c1)c1cc3cc4ccccc4nc3nc1C2,CC(=O)C,342.3
Oc1ccc(cc1c1nc2CCc3c(c2c2c1c1ccccc1CC2)cccc3)[N+](=O)[O-],ClC(Cl)Cl,311.4
Nc1ccc2c(c1)oc(=O)cc2C(F)(F)F,ClC(Cl)Cl,290.8
n1nnc(c(n1)c1cccs1)c1cccs1,ClC(Cl)Cl,387.9
Clc1ccc(cc1)c1cc(n(n1)Cc1ccc(nc1)Cl)c1nnc(o1)c1cccc(c1)Br,ClC(Cl)Cl,276.9
Clc1ccc2c(c1)nccc2NCCCNCCCOc1ccc2c(c1)c1c(cc2)OC2=C(C1c1ccc(cc1)C(C)C)C(=O)CC(C2)(C)C,CO,294.3
Clc1ccc(cc1)c1nc2CCc3c(c2c2c1c1ccccc1CC2)cccc3,ClC(Cl)Cl,291
Cc1ccc(cc1)C=NCCN=Cc1ccc(cc1)C,ClC(Cl)Cl,258.1
CN1c2ccccc2C(C1=CC1=C([O-])C(=CC2=[N+](C)c3c(C2(C)C)cccc3)C1=O)(C)C,ClC(Cl)Cl,493
N#Cc1ccc(cc1)c1nc2CCc3c(c2c2c1c1ccc(cc1CC2)Br)ccc(c3)Br,ClC(Cl)Cl,298.8
O=S(=O)(c1cccc(c1)N1N=C(CC1c1ccccc1)c1ccco1)c1cccc(c1)N1N=C(CC1c1ccccc1)c1ccco1,ClC(Cl)Cl,319.9
Clc1ccc(cc1)c1ccc2c(n1)nc1c(c2)cccc1,CC(=O)C,341.1
NC(=O)c1c(=O)oc2c(c1C)cc1c(c2)n(c(n1)Nc1cccc2c1cccc2)CCN1CCOCC1,CCO,309.6
CO[Si](CCCSC(=O)c1cccs1)(OC)OC,ClC(Cl)Cl,277.4
c1ccc(cc1)P(c1ccccc1)CCP(c1ccccc1)c1ccccc1,ClC(Cl)Cl,243.6
c1ccc(cc1)C1=CC(=CC=Cc2ccncn2)C=C(O1)c1ccccc1,ClC(Cl)Cl,364.6
CC1(C)c2ccccc2c2c1cc1c(c2)c(C#Cc2ccccc2)c2c(c1C#Cc1ccccc1)cccc2,ClC(Cl)Cl,429.2
Clc1ccc(cc1)c1cc(n(n1)Cc1ccc(cc1)C(C)(C)C)c1nnc(o1)c1ccc(cc1)C,ClC(Cl)Cl,277.7
N#CC(=Cc1ccc(cc1)N(C)C)c1ccc(cc1)F,ClC(Cl)Cl,311.3
Brc1ccc(cc1)C=CC(=O)c1nccnc1C,CCO,337.2
CCN(c1ccc(c(c1)O)N=Nc1nc2c(s1)cccc2)CC,CO,430.6
Oc1ccc2c(c1c1nc3CCc4c(c3c3c1c1ccccc1CC3)cccc4)cccc2,ClC(Cl)Cl,323.5
CCCN1c2ccc(cc2Sc2c1cccc2)C=Cc1cc(=O)oc2c1ccc(c2)C,ClC(Cl)Cl,344.9
COC(=O)[C@H](Cc1ccc2c(c1)nc(o2)c1ccc(cc1)C)NC(=O)OC(C)(C)C,CO,274.2
Cn1c2ccc(cc2c2c1cccc2)C=C(c1ccc(s1)C=C(C(=O)O)C#N)C#N,ClC(Cl)Cl,361.9
COc1ccc(nn1)C#Cc1ccc(cc1)N(c1ccc(cc1)C#Cc1ccc(nn1)OC)c1ccc(cc1)C#Cc1ccc(nn1)OC,ClC(Cl)Cl,344.5
Cn1c2ccc(cc2c2c1cccc2)C=Cc1cc(=O)oc2c1ccc(c2)C,ClC(Cl)Cl,309.8
COc1ccc(cc1)c1ccc(cc1)c1n(C(=O)OC(C)(C)C)c(=O)c2c1c(=O)n(c2c1ccc(cc1)c1ccc(cc1)OC)C(=O)OC(C)(C)C,ClC(Cl)Cl,378.9
c1ccc(cc1)c1c2ccccc2c(c2c1cccc2)c1cccc(c1)c1c2ccccc2c(c2c1cccc2)c1ccccc1,ClC(Cl)Cl,367.6
CCOC(=O)c1cc2cc3ccccc3nc2nc1C,CC(=O)C,341.2
CC1=NN(C(=O)C1=Cc1cn(c2c1cccc2)Cc1ccccc1)c1ccccc1,ClC(Cl)Cl,360
FC(c1ccc(cc1)C#Cc1c2ccccc2c(c2c1cc1c3ccccc3C(c1c2)(C)C)C#Cc1ccc(cc1)C(F)(F)F)(F)F,ClC(Cl)Cl,434.8
Clc1ccc(cc1)c1cc(n(n1)Cc1ccc(cc1)C(C)(C)C)c1nnc(o1)c1cccc(c1)Br,ClC(Cl)Cl,273
CN1c2ccc(cc2Sc2c1cccc2)C=Cc1cc(=O)oc2c1cc(C)cc2,ClC(Cl)Cl,323.4
Cc1ccc(cc1)c1nnc(o1)c1cc(nn1Cc1ccc(nc1)Cl)c1ccc(cc1)Cl,ClC(Cl)Cl,277.7
Clc1ccc(cc1)C=CC(=O)c1nccnc1C,CCO,357.9
COc1ncccc1c1ccc2c(c1)c1ccccc1n2Cn1c2ccc(cc2c2c1cccc2)c1cccnc1OC,C1CCOC1,283.9
N#Cc1ccc(cc1)c1nc2CCc3c(c2c2c1c1ccccc1CC2)cccc3,ClC(Cl)Cl,296
Brc1ccc(cc1)C1=C2C(=O)NC(=C2C(=O)O1)c1ccccc1,CS(=O)C,393.2
Brc1cccc(c1)[N+](=Cc1ccc2c(c1)Sc1c(N2C)cccc1)[O-],ClC(Cl)Cl,336.3
Fc1ccc(cc1)C=CC(=O)c1nccnc1C,CCO,357
C1(C)c2cc3c(C#Cc4ccccc4)c4ccccc4c(c3cc2c2c1cccc2)C#Cc1ccccc1,ClC(Cl)Cl,442.5
Cn1c2ccc(cc2c2c1cc(cc2)C(=Cc1ccc(cc1)C#N)C#N)C(=Cc1ccc(cc1)C#N)C#N,ClC(Cl)Cl,306
O=C1CCCN1CCCn1c(Nc2ccc(c(c2)Cl)Cl)nc2c1cc1oc(=O)c(c(c1c2)C)C(=O)N,CCO,313.4
C[Si](C#Cc1c2cc3c4ccccc4C(c3cc2c(c2c1cccc2)C#C[Si](C)(C)C)(C)C)(C)C,ClC(Cl)Cl,418.4
CSc1nc(cc(n1)c1ccc(cc1)n1c2ccccc2c2c1cccc2)c1ccc(cc1)n1c2ccccc2c2c1cccc2,Cc1ccccc1,302.7
CN(c1ccc(cc1)C#Cc1ccc(s1)C=C(C(=O)O)C#N)C,ClC(Cl)Cl,370.8
CN(c1ccc(cc1)C=Cc1c(F)c(F)c(c(c1F)F)C=Cc1ccc(cc1)N(C)C)C,ClC(Cl)Cl,364.6
C1(C)c2cc3c(C#Cc4ccccc4)c4ccccc4c(c3cc2c2c1cc(Br)cc2)C#Cc1ccccc1,ClC(Cl)Cl,444.5
CCOCCCn1c(Nc2ccc(cc2)[N+](=O)[O-])nc2c1cc1oc(=O)c(c(c1c2)C)C(=O)N,CCO,313.9
Clc1ccc2c(c1)nccc2n1nnc(c1C)C(=O)C=Cc1ccco1,CO,319
CC1C(=CC1)c1ccc(s1)CN[C@@H]1C[C@H]1NCc1ccc(s1)C1=C(CC1)C,CCO,271.8
C(Cn1c2cc(sc2c2c1cc(s2)C=C(C(=O)O)C#N)c1ccc(cc1)N(c1ccccc1)c1ccccc1)CC,ClC(Cl)Cl,389.9
Cc1ccc(cc1)C=CC(=O)c1nnn(c1C)c1ccnc2c1ccc(c2)Cl,CO,318.8
[O-][N+](=O)c1cccc(c1)C=NNC(=Cc1ccc2c(n1)cccc2)c1ccccc1,CCO,353.3
CO[Si](CCCSC(=O)c1ncccc1C(=O)SCCC[Si](OC)(OC)OC)(OC)OC,ClC(Cl)Cl,305.9
CCOC(=O)c1cc2cc3cc(OC)ccc3nc2[nH]c1=O,CC(=O)C,347.4
C(=O)NC1=CC(=O)C(=O)c2c1cccc2,CCO,493.3
c1ccc(cc1)Nc1nc(nc(n1)Nc1ccccc1)Nc1ccc2c(c1)cc1c(c2)cccc1,C1COCCO1,364.4
CC(c1ccc(cc1)Cn1nc(cc1c1nnc(o1)c1ccccc1)c1ccccc1)(C)C,ClC(Cl)Cl,274.5
CCCN1c2ccc(cc2Sc2c1cccc2)C=Cc1cc(=O)oc2c1ccc(c2O)O,ClC(Cl)Cl,344.7
O=S(=O)(c1cccc(c1)N1N=C(CC1c1ccccc1)c1cccs1)c1cccc(c1)N1N=C(CC1c1ccccc1)c1cccs1,ClC(Cl)Cl,328.5
O=C1C(=CC=CC=C2C=C(OC(=C2)c2ccccc2)c2ccccc2)C(=O)c2c1csc2,ClC(Cl)Cl,419.2
Cc1ccc(cc1)C(=Cc1ccc2c(n1)cccc2)NN=Cc1ccc(cc1)[N+](=O)[O-],CCO,367.1
CC(=O)NC(=O)[C@H](Cc1c[nH]c2c1cccc2)N,C1CCCCC1,267.1
CCOC(=O)c1cc(n2c1cccn2)C(=O)N,CCO,333
CCOC(=O)c1cc2cc(cn2cc1c1cccs1)C(=O)c1ccccc1,ClC(Cl)Cl,336.9
CCOC(=O)C(=C1c2ccccc2c2c1sc(c2C#N)N)C#N,CC(=O)C,459.5
Clc1cc(C=Nc2nc3c(s2)cccc3)c(c(c1)Cl)O,CO,337.1
COc1ccc(cc1)c1nc2CCc3c(c2c2c1c1ccc(cc1CC2)Br)ccc(c3)Br,ClC(Cl)Cl,297.7
O=C1C(=CC=C2C=C(SC(=C2)c2ccccc2)c2ccccc2)C(=O)c2c1cccc2,ClC(Cl)Cl,394.2
Clc1nc(Nc2ccc3c(c2)cc2c(c3)cccc2)nc(n1)Cl,C1COCCO1,360
OC(=O)c1ccccc1Nc1cccc(c1C)C,CN(C)C=O,298.5
Cc1nc(c2n1ccc(c2)c1nnc(o1)c1ccc(cc1)C)Cl,ClC(Cl)Cl,358.1
C#Cc1nc(C=Cc2ccc(cc2)N(C)C)cc(n1)C=Cc1ccc(cc1)N(C)C,ClC(Cl)Cl,341.9
CO[Si](CCCSC(=O)c1ccc(cc1)c1ccccc1)(OC)OC,ClC(Cl)Cl,279
Cc1ccc2c(n1)nc1c(c2)cccc1,CC(=O)C,330.9
Cc1ccc2c(c1)oc(=O)cc2c1cc(nc(c1)c1cc2c(oc1=O)ccc1c2cccc1)c1cc2c(oc1=O)ccc1c2cccc1,c1ccc(cc1)Cl,352.7
CCOC(=O)c1cc2cc3cc(OC)ccc3nc2nc1C,CC(=O)C,366.7
CCCOC(=O)c1cnccc1C(=O)OCCC,CC#N,267.5
CO[Si](CCCSC(=O)c1ccccn1)(OC)OC,ClC(Cl)Cl,303.6
Clc1nc(C#Cc2ccc(cc2)N(C)C)cc(n1)C#Cc1ccc(cc1)N(C)C,ClC(Cl)Cl,319.4
CONc1c(cc(cc1[N+](=O)[O-])C(=O)NCC1COCCOCCOCCOCCOCCO1)[N+](=O)[O-],CO,333
CC1(C)c2ccccc2C(c2c1cccc2)(C)C,CCCCCC,231.7
C(=Cc1ncnc(c1)C=CC=C1C=C(OC(=C1)c1ccccc1)c1ccccc1)C=C1C=C(OC(=C1)c1ccccc1)c1ccccc1,ClC(Cl)Cl,409.5
CCCSC(=O)c1ccc(cn1)C(=O)SCCC,CC#N,322.5
COc1ccc(cc1)n1c2cc(sc2c2c1cc(s2)C=C(C(=O)O)C#N)c1ccc(cc1)N(c1ccccc1)c1ccccc1,ClC(Cl)Cl,389.3
CCN(c1ccc(c(c1)O)N=Nc1nc2c(s1)cc(cc2)C)CC,CO,397.1
C(=CC=C1C=C(OC(=C1)c1ccccc1)c1ccccc1)C=Cc1ccncn1,ClC(Cl)Cl,391.8
c1csc(c1)c1ccc2c3c1ccc1c3c(cc2)c(cc1)c1cccs1,ClC(Cl)Cl,352.7
Clc1cc(C=Nc2sc3c(n2)ccc(c3)C)c(c(c1)Cl)O,CO,339
Clc1ccc(cc1)N=Nc1c([nH]c2n1nc(c2N=Nc1ccccc1)C)c1ccccc1,C1COCCO1,442.6
O=c1cc(c2cc(nc(c2)c2cc3ccccc3oc2=O)c2cc3ccccc3oc2=O)c2c(o1)c1ccccc1cc2,c1ccc(cc1)Cl,315.1
Oc1ccccc1C1=NCCO1,CCO,263.4
COc1ccc(cc1)C#Cc1ccc(cc1)c1c(F)c(F)c(c(c1F)F)c1ccc(cc1)C#Cc1ccc(cc1)OC,ClC(Cl)Cl,285
c1ccc(cc1)c1nc2c(o1)cc(cc2)c1ccc2c(c1)oc(n2)c1ccccc1,CCCCCCC,302.6
CN1c2ccc(cc2C(C1=CC1=C([O-])C(=CC2=[N+](C)c3c(C2(C)C)cc(cc3)c2ccccc2)C1=O)(C)C)c1ccccc1,ClC(Cl)Cl,507
Cc1nc(cc(n1)c1ccc(cc1)n1c2ccccc2c2c1cccc2)c1ccc(cc1)n1c2ccccc2c2c1cccc2,Cc1ccccc1,295.7
COc1ccc2c(c1)c(cc(=O)o2)c1cc(nc(c1)c1cc2ccccc2oc1=O)c1cc2ccccc2oc1=O,c1ccc(cc1)Cl,308.3
CC(C1=CC(=CC=Cc2cnc3c(n2)cccc3)C=C(O1)C(C)(C)C)(C)C,ClC(Cl)Cl,375.8
Cc1ccc(cc1)C1C2=C(Oc3c1c1cc(OCCCNCCCNc4ccnc5c4ccc(c5)Cl)ccc1cc3)CC(CC2=O)(C)C,CO,295.9
O=C(c1nccnc1C)C=Cc1ccc(cc1)OCc1ccccc1,CCO,355.2
CCOC(=O)c1cc(n2c1cccn2)C(=O)c1ccc(cc1)F,CCO,324.5
Cn1cc(c2c1cccc2)C=C(c1ccc(s1)C=C(C(=O)O)C#N)C#N,ClC(Cl)Cl,332.1
[O-][N+](=O)c1ccc(cc1)C=NN=Cc1cccs1,C1COCCO1,344.4
COC(=O)c1n2nc(ccc2c(c1C(=O)OC)C(=O)OC)c1ccc(cc1)Cl,CC#N,313.8
COc1cccc(c1)Nc1nc2c(n1CCc1ccc(cc1)Cl)cc1c(c2)c(C)c(c(=O)o1)C(=O)N,CCO,306.9
CN1c2ccc(cc2Sc2c1ccc(c2)C=Cc1cc(=O)oc2c1ccc(c2)C)C=Cc1cc(=O)oc2c1ccc(c2)C,ClC(Cl)Cl,339.4
Clc1ccc2c(c1)nccc2n1nnc(c1C)C(=O)C=Cc1ccc2c(c1)OCO2,CO,317.3
COc1nc(Nc2ccc3c(c2)cc2c(c3)cccc2)nc(n1)OC,C1COCCO1,362.1
N#Cc1c(C#N)c2ccc3c(c2c2c1ccc1c2c2ccccc2cc1)c1ccccc1cc3,ClC(Cl)Cl,378.2
CCC(=O)NC1=CC(=O)C(=O)c2c1cccc2,CCO,491.4
O=Cc1ccc(cc1)N(C)C,CCO,293.9
c1ccc(cc1)C1(C=Cc2c(O1)ccc1c2cccc1)c1ccccc1,Cc1ccccc1,323.3
COc1ccc2c(c1)cc1c(n2)nc(c(c1)C(=O)C)C,CC(=O)C,351.1
Nc1ccc(c2c1C(=O)c1ccccc1C2=O)N,CC#N,422.6
COc1ccc2c(c1)cc1c(n2)nc2c(c1)c1cc(OC)c(cc1C2)OC,CC(=O)C,343.5
N#Cc1cc2cc3ccccc3nc2nc1N,CC(=O)C,355.3
Cc1ccc(s1)c1c2sc(cc2c(c2c1cc(s2)Br)c1ccc(s1)C)Br,ClC(Cl)Cl,323
CCc1nccnc1C(=O)C=Cc1ccc(cc1)F,CCO,352.5
O=C(c1cccnc1)NC1=CC(=O)C(=O)c2c1cccc2,CCO,492.5
Fc1ccc(cc1)C=CC(=O)c1nnn(c1C)c1ccnc2c1ccc(c2)Cl,CO,318.6
CC(C1=CC(=CC=Cc2cccnn2)C=C(O1)C(C)(C)C)(C)C,ClC(Cl)Cl,364.8
CCOC(=O)c1ccc(cn1)C(=O)OCC,CC#N,291.1
COC(=O)c1n2nc(ccc2c(c1C(=O)OC)C(=O)OC)c1ccc(cc1)Br,CC#N,314.2
COc1ccc(cc1)C#Cc1c2ccccc2c(c2c1cc1c3ccccc3C(c1c2)(C)C)C#Cc1ccc(cc1)OC,ClC(Cl)Cl,445.4
Clc1cc(C=CC(=O)c2nnn(c2C)c2ccnc3c2ccc(c3)Cl)cc(c1)Cl,CO,324.4
COc1ccc(cc1)c1ccnc2c1ccc(n2)NC(=O)C,O,281.3
Clc1cccc(c1)N=Nc1c([nH]c2n1nc(c2N=Nc1ccccc1)C)c1ccccc1,C1COCCO1,445.2
Cc1nc(c2n1ccc(c2)c1nnc(o1)c1ccccc1)Cl,ClC(Cl)Cl,358
CC1=NC(=Cc2ccc(cc2)N(C)C)C(=O)N1CCN1C(=NC(=Cc2ccc(cc2)N(C)C)C1=O)C,CO,340.4
O=Cc1ccc(cc1)[N+](=O)[O-],CCO,320.2
c1ccc2c(c1)C(c1ccc(cc1)n1c3ccccc3c3c1cccc3)(c1ccc(cc1)n1c3ccccc3c3c1cccc3)c1c2cccc1,ClC(Cl)Cl,284.9
C#Cc1ccnc(c1)c1cc(cc(c1)c1nccc(c1)C#C)c1nccc(c1)C#C,CC1OC(=O)O1,272
COc1cc(C=CC(=O)c2nnn(c2C)c2ccnc3c2ccc(c3)Cl)cc(c1OC)OC,CO,319.2
COc1ccc(cc1)c1cc(n(n1)Cc1ccc(cc1)C(C)(C)C)c1nnc(o1)c1ccc(cc1)C,ClC(Cl)Cl,279.2
CCCN1c2ccc(cc2Sc2c1cccc2)C=Cc1cc(=O)oc2c1cc(Cl)c(c2)C,ClC(Cl)Cl,348.1
CO[Si](CCCSC(=O)c1ccccc1C)(OC)OC,ClC(Cl)Cl,270.4
C1(C)c2cc3c(C#C[Si](C)(C)C)c4ccccc4c(c3cc2c2c1cc(Br)cc2)C#C[Si](C)(C)C,ClC(Cl)Cl,419.4
Brc1ccc2c(c1)C(C)(C)c1c2cc2c(c1)c(C#Cc1ccccc1)c1c(c2C#Cc2ccccc2)cccc1,ClC(Cl)Cl,443.7
Oc1ccc2c(c1c1nc(c3n1cccc3)c1ccccc1)cccc2,CC#N,344.7
CCOC(=O)c1cc2cc3ccccc3nc2[nH]c1=O,CC(=O)C,325.1
COc1ccc(cc1)C1=C2C=CC(=N2)C(=c2ccc(=C(C3=NC(=C(c4[nH]c1cc4)c1ccc(cc1)O)C=C3)c1ccc(cc1)O)[nH]2)c1ccc(cc1)O,ClC(Cl)Cl,642.1
Brc1ccc(cc1)c1nc2CCc3c(c2c2c1c1ccc(cc1CC2)Br)ccc(c3)Br,ClC(Cl)Cl,295.3
COc1ccc(cc1)C=CC(=O)c1nnn(c1C)c1ccnc2c1ccc(c2)Cl,CO,317.4
c1ccc2c(c1)[nH]cn2,ClC(Cl)Cl,245.3
[O-][N+](=O)c1cccc(c1)C=NNC(=Cc1ccc2c(n1)cccc2)C(C)(C)C,CCO,356.9
CCCN1c2ccc(cc2Sc2c1cccc2)C=Cc1cc(=O)oc2c1cccc2,ClC(Cl)Cl,345.5
O=C(c1ccccc1)NC1=CC(=O)C(=O)c2c1cccc2,CCO,491.6
Cn1c2ccc(cc2c2c1ccc(c2)C(=Cc1ccc(cc1)c1nnc(o1)C)C#N)C(=Cc1ccc(cc1)c1nnc(o1)C)C#N,ClC(Cl)Cl,321.1
CO[Si](CCCSC(=O)c1ccccc1Cl)(OC)OC,ClC(Cl)Cl,260.6
Clc1ccc2c(c1)nccc2NCCNCCCOc1ccc2c(c1)c1c(cc2)OC2=C(C1c1ccc(cc1)C(F)(F)F)C(=O)CC(C2)(C)C,CO,293.6
COc1ccc(cc1)N=Nc1c([nH]c2n1nc(c2N=Nc1ccccc1)C)c1ccccc1,C1COCCO1,430.9
Nc1ccc2c(c1)C(=O)c1c(C2=O)cccc1,CO,345.1
c1csc(c1)c1ccc2c3c1ccc1c3c(cc2)ccc1,ClC(Cl)Cl,340.1
CCOC(=O)c1n2nc(ccc2c(c1C(=O)OC)C(=O)OC)c1ccc(cc1)Cl,CC#N,314.9
Clc1ccc(cc1)c1cc(n(n1)Cc1ccc(cc1)C(C)(C)C)c1nnc(o1)c1ccccc1,ClC(Cl)Cl,275.2
N#Cc1c(N)sc2c1c1ccccc1C2=O,CC(=O)C,401.3
O=C1C(=CC=C2OC(=CC(=C2)c2ccccc2)c2ccccc2)C(=O)c2c1csc2,ClC(Cl)Cl,436.3
Cn1cc(c2c1cccc2)C=Cc1cc(=O)oc2c1ccc(c2)C,ClC(Cl)Cl,306.5
Brc1ccc(cc1)[N+](=Cc1ccc2c(c1)Sc1c(N2C)cccc1)[O-],ClC(Cl)Cl,337.6
O=C1C(=CC=CC=C2C=C(OC(=C2)c2ccccc2)c2ccccc2)C(=O)c2c1cccc2,ClC(Cl)Cl,413.8
CONc1c(cc(cc1[N+](=O)[O-])C(=O)OC(C)C)[N+](=O)[O-],CO,328.7
COc1c(ccc2c1ccc(c2OC)C(=Cc1ccc(cc1)C#N)C#N)C(=Cc1ccc(cc1)C#N)C#N,ClC(Cl)Cl,308.4
Cn1c2ccc(cc2c2c1cccc2)C=C(c1ccc(s1)C=C1C(=O)NC(=O)NC1=O)C#N,ClC(Cl)Cl,326
CCN(c1ccc2c(c1)oc(=O)cc2C(F)(F)F)CC,ClC(Cl)Cl,303
COC(=O)c1cc(c2n1nc(cc2)c1ccc(cc1)Br)C(=O)OC,CC#N,320.1
Clc1ccc2c(c1)nccc2n1nnc(c1C)C(=O)C=Cc1ccc(cc1)OCCCN1CCOCC1,CO,317
CSc1ccc(cc1)c1ccc(cc1)c1[nH]c(=O)c2c1c(=O)[nH]c2c1ccc(cc1)c1ccc(cc1)SC,ClC(Cl)Cl,426.1
COc1ccc(cc1)c1ccc(cc1)c1[nH]c(=O)c2c1c(=O)[nH]c2c1ccc(cc1)c1ccc(cc1)OC,ClC(Cl)Cl,421.7
Cc1ccc(cc1)c1nc2c(o1)cc(cc2)c1ccc2c(c1)oc(n2)c1ccc(cc1)C,CCCCCCC,303
[O-][N+](=O)c1ccc(cc1)C=NN=Cc1ccco1,C1COCCO1,345.6
CCCN1c2ccc(cc2Sc2c1cccc2)C=Cc1cc(=O)oc2c1ccc(c2)O,ClC(Cl)Cl,345.1
COc1ccc(cc1)c1c(F)c(F)c(c(c1F)F)c1ccc(cc1)OC,ClC(Cl)Cl,251.3
COc1ccc(cc1)C=Cc1cc(C=Cc2ccc(cc2)OC)nc(n1)I,ClC(Cl)Cl,326.1
O=C1OC(=C2C1=C(NC2=O)c1ccccc1)c1ccccc1,CS(=O)C,387.1
CCOC(=O)c1c(N)sc2c1c1ccccc1C2,CC(=O)C,281.1
CN(c1ccc(cc1)C1=CC(=O)NC1=O)C,CCO,345.4
O=C1OC(C)(C)OC(=O)C1=CC=CC=C1C=C(OC(=C1)c1ccccc1)c1ccccc1,ClC(Cl)Cl,395
c1ccc(cc1)n1c2ccc(cc2c2c1cccc2)c1nc(nc2c1cccc2)c1cccc(c1)c1ccc2c(c1)c1ccccc1c1c2cccc1,ClC(Cl)Cl,307.7
CCOC(=O)c1cc2cc(cn2cc1c1ccc(cc1)Cl)C(=O)C,ClC(Cl)Cl,337.8
c1csc(c1)c1cc2cccc3c2c(n1)c1cccc2c1c3nc(c2)c1cccs1,Cc1ccccc1,391.1
COc1cc(c(cc1C(=Cc1ccc(cc1)OC)C#N)OC)C(=Cc1ccc(cc1)OC)C#N,ClC(Cl)Cl,325.5
C1CC[C@H]([C@@H](C1)NCc1cccs1)NCc1cccs1,CO,227
Cc1ccc(cc1)C1C2=C(Oc3c1c1cc(OCCCNCCNc4ccnc5c4ccc(c5)Cl)ccc1cc3)CC(CC2=O)(C)C,CO,299.9
CC(c1cccc2c1n(c1ccc(cc1)c1ccc3c(c1)c(c1ccccc1)c1c(c3c3ccccc3)cccc1)c1c2cccc1)(C)C,ClC(Cl)Cl,374.3
Brc1ccc(cc1)c1nc2CCc3c(c2c2c1c1ccccc1CC2)cccc3,ClC(Cl)Cl,292.4
CC(=O)NC1=CC(=O)C(=O)c2c1cccc2,CCO,491
COC(=O)CN1C(=NC(=Cc2ccc(cc2)N(C)C)C1=O)C,CO,330.8
COc1c(ccc2c1ccc(c2OC)C(=Cc1ccc(cc1)c1nnc(o1)C)C#N)C(=Cc1ccc(cc1)c1nnc(o1)C)C#N,ClC(Cl)Cl,342.2
CCN(c1ccc(cc1)c1nc2CCc3c(c2c2c1c1ccccc1CC2)cccc3)CC,CC#N,307.1
CO[Si](CCCSC(=O)c1ccco1)(OC)OC,ClC(Cl)Cl,273.8
Clc1cccc(c1)Nc1nc2c(n1Cc1ccccn1)cc1c(c2)c(C)c(c(=O)o1)C(=O)N,CCO,311
Clc1ccc(cc1)C1C2=C(Oc3c1c1cc(OCCCNCCCNc4ccnc5c4ccc(c5)Cl)ccc1cc3)CC(CC2=O)(C)C,CO,293.9
O=c1cc(C)c2c(o1)c1c3c(c2)C(C)(C)CCN3CCC1(C)C,ClC(Cl)Cl,301.4
CC(c1ccc(cc1)c1nc2c(o1)cccc2)(C)C,CCCCCCC,273.1
CCOC(=O)c1cc2cc(cn2cc1c1cccs1)C(=O)C,ClC(Cl)Cl,338.2
COc1ccc(cc1)CCn1c(Nc2cc(Cl)cc(c2)Cl)nc2c1cc1oc(=O)c(c(c1c2)C)C(=O)N,CCO,307.8
COc1ccc(cc1)N(c1ccc2c3c1cccc3c1c3c2cccc3c(cc1)C#CC=C(C(=O)O)C#N)c1ccc(cc1)OC,Cc1ccccc1,477.4
CN(c1ccc(cc1)C#Cc1ccc(cc1)C(=O)O)C,ClC(Cl)Cl,289.7
c1ccc(cc1)c1c2ccccc2c(c2c1cccc2)c1cccc(n1)c1c2ccccc2c(c2c1cccc2)c1ccccc1,ClC(Cl)Cl,367.8
Clc1ccc(cc1)C1C2=C(Oc3c1c1cc(OCCCNCCNc4ccnc5c4ccc(c5)Cl)ccc1cc3)CC(CC2=O)(C)C,CO,294.9
c1ccc(cc1)N(c1ccccc1)c1ccc(cc1)c1nc2c(s1)cccc2,CO,323.9
CCCn1c(Nc2c(C)cccc2C)nc2c1cc1oc(=O)c(c(c1c2)C)C(=O)N,CCO,309.5
COC(=O)[C@H](Cc1ccc2c(c1)nc(o2)c1ccc2c3c1ccc1c3c(cc2)ccc1)NC(=O)OC(C)(C)C,CO,354.4
c1ccc(cc1)P(c1ccccc1)C=CP(c1ccccc1)c1ccccc1,ClC(Cl)Cl,259.2
Brc1ccc2c(c1)CCc1c2c(nc2c1c1ccc(cc1CC2)Br)c1ccccc1,ClC(Cl)Cl,291.5
N#Cc1cc2cc3ccccc3nc2[nH]c1=O,CC(=O)C,325
N#Cc1ccc(cc1)C=CC(=O)c1nnn(c1C)c1ccnc2c1ccc(c2)Cl,CO,326.4
O=C1C(=CC=C2C=C(OC(=C2)c2ccccc2)c2ccccc2)C(=O)c2c1cccc2,ClC(Cl)Cl,379.3
Cc1ccn(n1)c1ccccn1,CC#N,246.9
COc1ccc(cc1)C=Cc1ccc2c(n1)c(O)c(c(c2)F)F,CC#N,331.6
CO[Si](CCCSC(=O)c1cccnc1)(OC)OC,ClC(Cl)Cl,283.2
CCNc1cccc2c1C(=O)c1ccccc1C2=O,ClC(Cl)Cl,384.9
COc1ccc(cc1)C=Cc1c(F)c(F)c(c(c1F)F)C=Cc1ccc(cc1)OC,ClC(Cl)Cl,338.2
OC(=O)c1cc([N+](=O)[O-])c(c(c1)[N+](=O)[O-])NOC(c1ccccc1)(c1ccccc1)c1ccccc1,CO,324.3
COc1cc(c(cc1C(=Cc1ccc(cc1)C#N)C#N)OC)C(=Cc1ccc(cc1)C#N)C#N,ClC(Cl)Cl,338.3
CO[Si](CCCSC(=O)c1ccccc1[N+](=O)[O-])(OC)OC,ClC(Cl)Cl,317.2
Cc1nc(c2n1ccc(c2)c1nnc(o1)c1ccc(cc1)Cl)Cl,ClC(Cl)Cl,359.5
COC(=O)[C@H](Cc1ccc2c(c1)nc(o2)c1c2ccccc2cc2c1cccc2)NC(=O)OC(C)(C)C,CO,370.3
Clc1ccc2c(c1)nn(n2)c1c(C)[nH]n(c1=O)c1ccccc1,CCO,287.1
c1csc(c1)c1cc2ccc3c4c2c(n1)c1ccccc1c4nc(c3)c1cccs1,Cc1ccccc1,345
N#Cc1cc2ccc3c(c2c2c1ccc1c2c2ccccc2cc1)c1ccccc1cc3,ClC(Cl)Cl,364.9
O=Cc1ccc2c3c1ccc1c3c(cc2)ccc1,CCCCCC,346.3
C=CCNc1ccc2c3c1cccc3c(=O)n(c2=O)c1ccc2c(c1)nn(n2)c1ccccc1O,ClC(Cl)Cl,345.9
CCN(c1ccc2c(c1)oc(=O)cc2C(C(F)(F)F)(F)F)CC,ClC(Cl)Cl,306.4
COC1CCN(CC1)C1CC(OC(C1O)C)OC1c2c(CCC1(O)C(=O)C)c(O)c1c(c2O)C(=O)c2c(C1=O)cccc2OC,C1COCCO1,396.9
COc1ccc(cc1)c1nc(C)cc(n1)c1ccc(cc1)n1c2ccccc2c2c1cccc2,Cc1ccccc1,288.2
CCOC(=O)c1c(N)sc2c1c1ccccc1C2=Cc1ccc(cc1)[N+](=O)[O-],CC(=O)C,410.6
CC(c1ccc(cc1)c1ccc(cc1)c1[nH]c(=O)c2c1c(=O)[nH]c2c1ccc(cc1)c1ccc(cc1)C(C)(C)C)(C)C,ClC(Cl)Cl,422.5
CN1c2ccc(cc2C(C1=CC=C1C=CC(=O)c2c1cccn2)(C)C)[N+](=O)[O-],CC#N,372.8
COC(=O)c1ccc(cn1)C(=O)OC,CC#N,288.7
CCc1nccnc1C(=O)C=Cc1ccc(cc1)[N+](=O)[O-],CCO,358.7
O=C(NC1=CC(=O)C(=O)c2c1cccc2)CNC(=O)C,CCO,490.7
CO[Si](CCCSC(=O)c1ccccc1O)(OC)OC,ClC(Cl)Cl,283.8
O=C1C(=CC=C2C=C(OC(=C2)c2ccccc2)c2ccccc2)C(=O)c2c1csc2,ClC(Cl)Cl,385
COc1nc(nc(n1)Cl)Nc1ccc2c(c1)cc1c(c2)cccc1,C1COCCO1,360.5
Clc1ccc2c(c1)nccc2n1nnc(c1C)C(=O)C=Cc1ccc(cc1)OCCCN1CCN(CC1)C(=O)C,CO,317.1
CCOC(=O)c1n2nc(ccc2c(c1C(=O)OC)C(=O)OC)c1ccc(cc1)Br,CC#N,314.8
c1ccc(cc1)N(c1ccc2c3c1ccc1c3c(cc2)ccc1)c1ccccc1,ClC(Cl)Cl,352.6
[O-][N+](=O)c1ccc2c(c1)c(cc(n2)c1ccccc1)c1ccccc1,CCO,317.7
Fc1cc2c(c3c1cccc3)c1c3c2ccc2c3c(cc1)c1c3c2cccc3ccc1,ClC(Cl)Cl,436
O=c1[nH]c(c2c1c([nH]c2=O)c1ccc(cc1)C=Cc1ccccc1)c1ccc(cc1)C=Cc1ccccc1,ClC(Cl)Cl,450.4
N#CC(=C1C=C(C=Cc2ccc(cc2)N(C)C)OC(=C1)C=Cc1ccc(cc1)N(C)C)C#N,ClC(Cl)Cl,372.4
n1ccc(cc1)C=Cc1nc2c([nH]1)cccc2,CCO,298.5
CCN(c1ccc(cc1)c1nc2CCc3c(c2c2c1c1ccc(cc1CC2)Br)ccc(c3)Br)CC,ClC(Cl)Cl,311.7
CO[Si](CCCSC(=O)c1nccnc1)(OC)OC,ClC(Cl)Cl,334.9
O=C1C=CC(=CC=C2C=C(OC(=C2)C(C)(C)C)C(C)(C)C)c2c1nccc2,CC#N,394.1
O=Cc1ccccc1O,CCO,287.5
CCOC(=O)c1cc(c2n1nc(cc2)c1ccc(cc1)Cl)C(=O)OC,CC#N,318.5
Oc1cc(O)cc(c1)C1CC(=O)c2c(O1)cc(cc2O)O,CO,279
NN=C(C(c1ccc2c(n1)c(O)ccc2)CCC[C@@H]1SC[C@H]2[C@@H]1NC(=O)N2)O,CO,306.9
N#Cc1ccc(cc1)c1nc(c2n1cccc2)c1ccccc1,CC#N,346.1
CN(c1ccc(cc1)c1ccc(cc1)c1[nH]c(=O)c2c1c(=O)[nH]c2c1ccc(cc1)c1ccc(cc1)N(C)C)C,ClC(Cl)Cl,427.1
Cc1nn2c(c1N=Nc1ccccc1)[nH]c(c2N=Nc1ccc(cc1)[N+](=O)[O-])c1ccccc1,C1COCCO1,456.7
N#CC(=C1c2ccccc2c2c1sc(c2C#N)N)C#N,CC(=O)C,474.7
CCCSC(=O)c1ccc(cc1)C(=O)SCCC,CC#N,289.1
Clc1cc(C=Nc2sc3c(n2)ccc(c3)[N+](=O)[O-])c(c(c1)Cl)O,CO,329.5
N#CC(=C1C=C(c2c1cccc2)Nc1ccccc1)C#N,CC(=O)C,434.5
Fc1ccccc1c1nc2CCc3c(c2c2c1c1ccccc1CC2)cccc3,ClC(Cl)Cl,283.4
C(=O)NC1=CC(=O)C(=O)c2c1cccc2,CCO,493.2
C#Cc1ccc(cc1)C(=O)c1cc(C#C)c2c3c1ccc1c3c(cc2)c(cc1C#C)C#C,CCCCCC,379.9
COc1c(ccc2c1ccc(c2OC)C(=Cc1ccc(cc1)OC)C#N)C(=Cc1ccc(cc1)OC)C#N,ClC(Cl)Cl,304.1
O=C(C(C)C)NC1=CC(=O)C(=O)c2c1cccc2,CCO,490.3
C=Cc1ccnc(c1)c1cc(cc(c1)c1nccc(c1)C=C)c1nccc(c1)C=C,CC1OC(=O)O1,275.4
c1ccc(cc1)C(=Cc1ccc2c(n1)cccc2)NN=Cc1ccccc1,CCO,357.8
[O-][N+](=O)c1c(cccc1N(C)C)C=Cc1ccccc1,ClC(Cl)Cl,317.3
CNc1nc2c(n1Cc1ccc3c(c1)OCO3)cc1c(c2)c(C)c(c(=O)o1)C(=O)N,CCO,310.1
Nc1cccc2c1C(=O)c1ccccc1C2=O,CC#N,366.6
Brc1ccc(cc1)c1ccc2c(n1)nc1c(c2)cccc1,CC(=O)C,340.9
C#Cc1nc(C=Cc2ccc(cc2)OC)cc(n1)C=Cc1ccc(cc1)OC,ClC(Cl)Cl,322.8
CN1C(=O)C(=CC=C2OC(=CC(=C2)c2ccccc2)c2ccccc2)C(=O)N(C1=O)C,ClC(Cl)Cl,429.3
COc1ccc(cc1)c1cc(C)nc(n1)c1ccc(cc1)n1c2ccccc2c2c1cccc2,Cc1ccccc1,289.2
CC(C(=NN=C(C(C)(C)C)Cc1ccc2c(n1)cccc2)Cc1ccc2c(n1)cccc2)(C)C,CCO,278.6
CCN(c1ccc2c(c1)oc(=O)cc2C)CC,ClC(Cl)Cl,293.2
Brc1ccc(c(c1)c1nc2CCc3c(c2c2c1c1ccccc1CC2)cccc3)O,ClC(Cl)Cl,284.3
CN1c2ccc(cc2Sc2c1cccc2)C=Cc1cc(=O)oc2c1ccc(c2)C,ClC(Cl)Cl,322.1
Cc1ccc(cc1)N=Nc1c([nH]c2n1nc(c2N=Nc1ccccc1)C)c1ccccc1,C1COCCO1,441.8
[C-]#[N+]c1ccc(cc1)c1ccc(cc1)N,CCCCCC,271.1
CC(c1ccc(cc1)OCc1c2ccccc2cc2c1cccc2)(c1ccc(cc1)OCc1c2ccccc2cc2c1cccc2)C,ClC(Cl)Cl,365.5
CCCOC(=O)c1ccc(cc1)C(=O)OCCC,CC#N,255
CN(c1ccc(cc1)C#Cc1c(F)c(F)c(c(c1F)F)C#Cc1ccc(cc1)N(C)C)C,ClC(Cl)Cl,337.4
CN(c1ccc(cc1)C=C1CCC(=Cc2ccc(cc2)N(C)C)C1=C(C#N)C#N)C,ClC(Cl)Cl,376.9
CCC(n1c(Nc2ccc(cc2)F)nc2c1cc1oc(=O)c(c(c1c2)C)C(=O)N)C,CCO,305.2
O=c1oc2c(c(c1)C(C(F)(F)F)(F)F)cc1c3c2C(C)(C)CCN3CCC1(C)C,ClC(Cl)Cl,315.7
COc1ccc2c(c1)cc1c(n2)nc(cc1)C,CC(=O)C,337.4
CCOC(=O)c1c(NC(=O)C)sc2c1c1ccccc1C2,CC(=O)C,271.8
COc1ccc(cc1)c1cc(c2ccc(cc2)OC)c2c3c1ccc1c3c(cc2)c(cc1c1ccc(cc1)OC)c1ccc(cc1)OC,ClC(Cl)Cl,363.8
CO[Si](CCCSC(=O)CSc1ccccc1)(OC)OC,ClC(Cl)Cl,260.4
CC(c1ccc(cc1)c1nc2CCc3c(c2c2c1c1ccccc1CC2)cccc3)C,ClC(Cl)Cl,289.9
O=C1OC2(c3c1cccc3)c1ccc(c(c1Oc1c2ccc(c1Br)O)Br)O,O,251.2
Cc1ccc(s1)c1c2sccc2c(c2c1ccs2)c1ccc(s1)C,ClC(Cl)Cl,326
Brc1ccc(cc1)C=CC(=O)c1nnn(c1C)c1ccnc2c1ccc(c2)Cl,CO,319.5
Fc1ccccc1Nc1nc2c(n1CC1CCCO1)cc1c(c2)c(C)c(c(=O)o1)C(=O)N,CCO,312.3
Cn1cc(c2c1cccc2)C=C(c1ccc(s1)C=C1SC(=S)N(C1=O)CC(=O)O)C#N,ClC(Cl)Cl,394.2
CCCOC(=O)c1ccncc1,CC#N,273
Brc1ccc2c(c1)CCc1c2c(nc2c1c1ccc(cc1CC2)Br)c1ccc(cc1)O,ClC(Cl)Cl,297.2
CC(CCC1(CCC(C)C)c2cc(ccc2c2c1cccc2)c1ccc2c3c1ccc1c3c(cc2)ccc1)C,ClC(Cl)Cl,340.4
CCOC(=O)c1cc2cc(cn2cc1c1ccc2c(c1)cccc2)C(=O)C,ClC(Cl)Cl,336
O=C(c1cc(C#C[Si](C)(C)C)c2c3c1ccc1c3c(cc2)c(cc1C#C[Si](C)(C)C)C#C[Si](C)(C)C)c1ccc(cc1)C#C[Si](C)(C)C,CCCCCC,394.7
CCCOC(=O)c1ccccc1C(=O)OCCC,CC#N,247.8
COc1ccc(cc1OC)C=CC(=O)c1nnn(c1C)c1ccnc2c1ccc(c2)Cl,CO,318.5
Brc1ccc2c(c1)CCc1c2c(nc2c1c1ccc(cc1CC2)Br)c1ccc(cc1)C(F)(F)F,ClC(Cl)Cl,293.7
Cn1c(Nc2ccccc2)nc2c1cc1oc(=O)c(c(c1c2)C)C(=O)N,CCO,305.1
Cc1nc(c2n1ccc(c2)c1nnc(o1)CC)Cl,ClC(Cl)Cl,354.2
COc1ccc(cc1)C(=O)SCCC[Si](OC)(OC)OC,ClC(Cl)Cl,268.7
c1ccc2c(c1)c(C#Cc1ccccc1)c1c(c2C#Cc2ccccc2)cccc1,ClC(Cl)Cl,435.1
Brc1cccc(c1)C=NCCN=Cc1cccc(c1)Br,ClC(Cl)Cl,263.6
CO[Si](CCCSC(=O)c1ccccc1N)(OC)OC,ClC(Cl)Cl,299.6
CCN(c1ccc(c(c1)O)N=Nc1sc2c(n1)ccc(c2)[N+](=O)[O-])CC,CO,441.9
COc1cc(ccc1OC)c1ccc(cc1)c1[nH]c(=O)c2c1c(=O)[nH]c2c1ccc(cc1)c1ccc(c(c1)OC)OC,ClC(Cl)Cl,420.9
C(CN1C(=O)C(=Cc2sc3c(c2)sc(c3)c2ccc(cc2)N(c2ccccc2)c2ccccc2)C(=C(C1=O)C#N)C)CC,ClC(Cl)Cl,401
FC(c1ccc(cc1)c1nc2CCc3c(c2c2c1c1ccccc1CC2)cccc3)(F)F,ClC(Cl)Cl,290
CCCOC(=O)c1ccnc(c1)C(=O)OCCC,CC#N,281.8
Clc1nc(nc(n1)Nc1ccccc1)Nc1ccc2c(c1)cc1c(c2)cccc1,C1COCCO1,363.2
O=C1C(=CC=C2OC(=CC(=C2)c2ccccc2)c2ccccc2)C(=O)c2c1cccc2,ClC(Cl)Cl,433.2
O=C1C=CC(=CC=C2C=C(OC(=C2)c2ccccc2)c2ccccc2)c2c1nccc2,CC#N,419.5
CCc1nccnc1C(=O)C=Cc1ccc(cc1)Br,CCO,358.4
CCCOC(=O)c1ccc(cn1)C(=O)OCCC,CC#N,291.3
COc1ccc(cc1)Nc1nc2c(n1Cc1ccccc1)cc1c(c2)c(C)c(c(=O)o1)C(=O)N,CCO,314.2
Cc1ccc(o1)CN[C@@H]1C[C@H]1NCc1ccc(o1)C,CCO,209.3
O=c1cc(c2cc(nc(c2)c2cc3c(oc2=O)ccc2c3cccc2)c2cc3c(oc2=O)ccc2c3cccc2)c2c(o1)c1ccccc1cc2,c1ccc(cc1)Cl,352
[O-][N+](=O)c1ccccc1C=NNC(=Cc1ccc2c(n1)cccc2)C(C)(C)C,CCO,374.9
CO[Si](CCCSC(=O)c1cccc(n1)C(=O)SCCC[Si](OC)(OC)OC)(OC)OC,ClC(Cl)Cl,303.5
C[Si]1(C)c2ccccc2[Si](c2c1cccc2)(C)C,CCCCCC,236.1
Cn1cc(c2c1cccc2)C=C(c1ccc(s1)C=Nc1ccc(cc1)C(=O)O)C#N,ClC(Cl)Cl,366.3
Cn1c2ccc(cc2c2c1ccc(c2)C(=Cc1ccc(cc1)OC)C#N)C(=Cc1ccc(cc1)OC)C#N,ClC(Cl)Cl,312.9
COc1ccc(cc1)N(c1ccc2c3c1cccc3c1c3c2cccc3c(cc1)C#CC=C(C(=O)O)C#N)c1ccc(cc1)OC,Cc1ccccc1,476.6
CO[Si](CCCSC(=O)c1ccccc1S)(OC)OC,ClC(Cl)Cl,275.9
CC(CC(=O)NC1=CC(=O)C(=O)c2c1cccc2)C,CCO,491.2
COC(=O)c1nn(c(c1)O)c1cc(C)c2c(n1)[nH]nc2O,C1CCOC1,269.5
Brc1ccc2c(c1)C(C)(C)c1c2cc2c(c1)c(C#C[Si](C)(C)C)c1c(c2C#C[Si](C)(C)C)cccc1,ClC(Cl)Cl,418.4
COc1ccccc1C=NCCN=Cc1ccccc1OC,ClC(Cl)Cl,274.7
COc1ccc(cc1)C#Cc1cc(C#Cc2ccc(cc2)OC)nc(n1)C#Cc1ccc(cc1)OC,ClC(Cl)Cl,298.6
O=C1OC(C)(C)OC(=O)C1=CC=C1C=C(OC(=C1)c1ccccc1)c1ccccc1,ClC(Cl)Cl,357.7
NCCNc1cccc2c1C(=O)c1c(C2=O)cccc1,ClC(Cl)Cl,383.7
c1ncc2c(c1)ccc1n2c2ccccc2n1,CCO,318.6
COc1ccc(cn1)c1ccc2c(c1)c1ccccc1n2Cn1c2ccc(cc2c2c1cccc2)c1ccc(nc1)OC,C1CCOC1,287
COc1cc(OC)c(c(c1)OC)C=NN=Cc1ccc(cc1)[N+](=O)[O-],C1COCCO1,348.3
CN(c1ccccc1)c1ccc(cc1)c1cc2ccc3c4c2c(n1)c1ccccc1c4nc(c3)c1ccc(cc1)N(c1ccccc1)C,Cc1ccccc1,345.2
CC(=O)Nc1cc(ccc1N=Nc1ccc(cc1Cl)[N+](=O)[O-])N(CCOC(=O)C)CCOC(=O)C,CO,444.3
CCOc1cccc(c1O)c1nc2CCc3c(c2c2c1c1ccccc1CC2)cccc3,ClC(Cl)Cl,285.4
CCN1c2ccc3c(c2C(C1=CC1=C([O-])C(=CC2=[N+](CC)c4c(C2(C)C)cccc4)C1=O)(C)C)cccc3,ClC(Cl)Cl,497.3
COc1ccc(cc1)c1ccc2c(n1)nc1c(c2)cc(cc1)OC,CC(=O)C,350.5
CC(c1cccc2c1n(c1ccc3c(c1)c(c1ccccc1)c1c(c3c3ccccc3)cccc1)c1c2cccc1)(C)C,ClC(Cl)Cl,367.4
c1ccc(cc1)C1=CC(=Cc2ccc(cc2)C=Cc2cc(nc(n2)c2ccccn2)c2ccccn2)C=C(O1)c1ccccc1,ClC(Cl)Cl,374.6
Brc1cccc(c1)Nc1nc2c(n1CCOc1ccccc1)cc1c(c2)c(C)c(c(=O)o1)C(=O)N,CCO,309.5
Brc1ccc(cc1)C(=NNC(=Cc1ccc2c(n1)cccc2)C(C)(C)C)C,CCO,300.9
Cc1nc(c2n1ccc(c2)c1nnc(o1)c1ccc(cc1Cl)Cl)Cl,ClC(Cl)Cl,360.8
COc1ccc(cc1)C#Cc1c(F)c(F)c(c(c1F)F)C#Cc1ccc(cc1)OC,ClC(Cl)Cl,321.5
c1ccc(cc1)C1=CC(=Cc2ccc(cc2)C=Cc2cnc3c(n2)cccc3)C=C(O1)c1ccccc1,ClC(Cl)Cl,382.1
COc1ccc2c(c1)cc1c(n2)nc(cc1)c1ccc(cc1)Cl,CC(=O)C,350.3
[O-][N+](=Cc1ccc2c(c1)Sc1c(N2C)cccc1)c1ccc(cc1)C(=O)C,ClC(Cl)Cl,339.5
Clc1ccc2c(c1)nccc2n1nnc(c1C)C(=O)C=Cc1ccc(cc1)N(C)C,CO,315
N#CC(=C1C=C(C=Cc2ccc(cc2)N(c2ccccc2)c2ccccc2)OC(=C1)C=Cc1ccc(cc1)N(c1ccccc1)c1ccccc1)C#N,ClC(Cl)Cl,377.1
Cc1ccc(cc1)c1ccc2c(n1)nc1c(c2)cccc1,CC(=O)C,340
COc1ccc(cc1)c1cc(n(n1)Cc1ccc(cc1)C(C)(C)C)c1nnc(o1)c1cccc(c1)Br,ClC(Cl)Cl,271.5
N#CC1CC(N2C1c1ccccc1C=N2)C(=O)N,CCO,308.7
C1CC[C@H]([C@@H](C1)NCc1cscc1)NCc1cscc1,CCO,218.5
COc1c(OC)cc(cc1OC)c1nc2CCc3c(c2c2c1c1ccccc1CC2)cccc3,ClC(Cl)Cl,289.3
c1ccc(cc1)Cn1nc(cc1c1nnc(o1)c1ccccc1)c1ccccc1,ClC(Cl)Cl,274.5
Clc1ccc2c(c1)nccc2n1nnc(c1C)C(=O)C=Cc1cccc(c1)[N+](=O)[O-],CO,324.2
[O-][N+](=O)c1ccc(cc1)C=NNC(=Cc1ccc2c(n1)cccc2)C(C)(C)C,CCO,372.2
O=C(n1c(=O)c2c(c1c1ccc(cc1)C=Cc1ccccc1)c(=O)n(c2c1ccc(cc1)C=Cc1ccccc1)C(=O)OC(C)(C)C)OC(C)(C)C,ClC(Cl)Cl,405.1
Oc1ccc(cc1)C1=C(O)C(=O)C1=O,CO,335
Nc1ccc(cc1)O,O,275.1
O=C(c1nccnc1C)C=Cc1ccc(cc1)[N+](=O)[O-],CCO,362.1
O=C(c1ccc2c(c1)cccc2)C=Cc1cn(c2c1cccc2)Cc1ccccc1,ClC(Cl)Cl,324.8
Cc1nc(c2n1ccc(c2)c1nnc(o1)c1ccc(cc1)OC)Cl,ClC(Cl)Cl,357.5
CCc1nccnc1C(=O)C=Cc1ccc(cc1)OCc1ccccc1,CCO,349.9
CC(c1ccc(cc1)c1nc2c(o1)cc(cc2)c1ccc2c(c1)oc(n2)c1ccc(cc1)C(C)(C)C)(C)C,CCCCCCC,303.8
Brc1ccc2c(c1)CCc1c2c(nc2c1c1ccc(cc1CC2)Br)c1ccc(cc1)N(C)C,ClC(Cl)Cl,309.5
CN(c1ccc(cc1)C(=C(C#N)C#N)C(=C(C#N)C#N)c1ccc(cc1)C(=O)O)C,ClC(Cl)Cl,329.4
[O-][N+](=O)c1ccc(cc1)[C@@H]1OC1,CCO,315.7
O=c1cc(c2c(o1)c1c3c(c2)C(C)(C)CCN3CCC1(C)C)C(F)(F)F,ClC(Cl)Cl,312.3
Cc1ccc(cc1)C(=Cc1ccc2c(n1)cccc2)NN=Cc1ccccc1,CCO,356.9
c1ccc(cc1)c1c2ccccc2c(c2c1cccc2)c1ccc2c(c1)c1cc(ccc1o2)c1c2ccccc2c(c2c1cccc2)c1ccccc1,ClC(Cl)Cl,365.8
Cc1ccc2c(c1)oc(=O)cc2c1cc(nc(c1)c1cc2ccccc2oc1=O)c1cc2ccccc2oc1=O,c1ccc(cc1)Cl,306.8
CC(=O)Nc1ccc(cc1)C(=O)NC1=CC(=O)C(=O)c2c1cccc2,CCO,493.5
O=C(CC(=O)C=Cc1ccccc1)C=Cc1ccccc1,CC#N,320.2
c1ccc(cc1)n1c(nc2c1cccc2)c1ccc(cc1)c1nc2ccccc2c(n1)c1ccc(cc1)c1nc2c(n1c1ccccc1)cccc2,ClC(Cl)Cl,309.5
N#CC(=C1C=C(c2c1cccc2)Nc1ccc(cc1)[N+](=O)[O-])C#N,CC(=O)C,425.8
c1ccc(cc1)C#Cc1cc(C#Cc2ccccc2)nc(n1)C#Cc1ccccc1,ClC(Cl)Cl,291.6
Nc1ccc(c(c1)O)c1nc2c(s1)cccc2,O,300.6
COc1ccc2c(c1)cc1c(n2)nc2c(c1)c1ccccc1C2,CC(=O)C,343.6
[O-][N+](=O)c1ccc(cc1)C=NN=CC=Cc1ccccc1,C1COCCO1,349.1
COc1cccc(c1O)C=NNC(=O)c1cc2ccccc2cc1O,CO,325.3
CN1C(=O)C(=CC=CC=C2C=C(OC(=C2)c2ccccc2)c2ccccc2)C(=O)N(C1=S)C,ClC(Cl)Cl,419.4
COc1ccc(cc1OC)c1nc2CCc3c(c2c2c1c1ccccc1CC2)cccc3,ClC(Cl)Cl,294.3
C#CCN(CC#Cc1nn(c2c1c(=O)[nH]c(n2)NC(=O)C(C)C)[C@H]1C[C@@H]([C@H](O1)CO)O)CC#C,CO,244.9
Clc1ccc(cc1)C=CC(=O)c1nnn(c1C)c1ccnc2c1ccc(c2)Cl,CO,320.6
CCOC(=O)c1cc2cc(cn2cc1c1ccc(cc1)OC)C(=O)C,ClC(Cl)Cl,336.4
Ic1nc(C=Cc2ccc(cc2)N(C)C)cc(n1)C=Cc1ccc(cc1)N(C)C,ClC(Cl)Cl,347.3
COC(=O)C1C(=C(N2C1c1ccccc1C=N2)C(=O)N)C(=O)OC,CCO,333
COc1ccc2c(c1)cc1c(n2)nc(cc1)c1ccc(cc1)[N+](=O)[O-],CC(=O)C,351.7
CCOC(=O)c1cc2cc(cn2cc1c1ccc(cc1)Cl)C(=O)c1ccccc1,ClC(Cl)Cl,336.6
Cc1nc(c2n1ccc(c2)c1nnc(o1)c1ccccc1F)Cl,ClC(Cl)Cl,358.3
CCN1c2ccc3c(c2C(C1=CC1=C([O-])C(=CC2=[N+](CC)c4c(C2(C)C)c2ccccc2cc4)C1=O)(C)C)cccc3,ClC(Cl)Cl,519.1
CCOC(=O)c1c(N)sc2c1c1ccccc1C2=Cc1ccc(cc1)N(C)C,CC(=O)C,389
Clc1ccc(cc1)C1=NN(C(C1)c1ccco1)c1cccc(c1)S(=O)(=O)c1cccc(c1)N1N=C(CC1c1ccco1)c1ccc(cc1)Cl,ClC(Cl)Cl,319.2
Oc1c(O)cccc1O,O,242.1
COc1ccc(cc1)C=NCCN=Cc1ccc(cc1)OC,ClC(Cl)Cl,259.8
O=c1[nH]c(c2c1c([nH]c2=O)c1ccc(cc1)c1ccc(cc1)S(=O)(=O)C)c1ccc(cc1)c1ccc(cc1)S(=O)(=O)C,ClC(Cl)Cl,424.9
Clc1ccc(cc1)[N+](=Cc1ccc2c(c1)Sc1c(N2C)cccc1)[O-],ClC(Cl)Cl,335.7
CCOC(=O)c1cc2cc(cn2cc1c1ccccc1)C(=O)C,ClC(Cl)Cl,336.7
COc1ccc(cc1)c1cc(n(n1)Cc1ccc(cc1)C(C)(C)C)c1nnc(o1)c1ccccc1,ClC(Cl)Cl,276.7
COC(=O)c1cc(c2n1nc(cc2)c1ccc(cc1)Cl)C(=O)OC,CC#N,318.1
CN(c1ccccc1)c1ccc(cc1)C=Cc1cc(=O)oc2c1ccc(c2)C,ClC(Cl)Cl,320.3
CN(c1ccccc1)c1ccc(cc1)c1cc2cccc3c2c(n1)c1cccc2c1c3nc(c2)c1ccc(cc1)N(c1ccccc1)C,Cc1ccccc1,387.9
Cn1c2ccc(cc2c2c1cccc2)C=C(c1ccc(s1)C=C1SC(=S)N(C1=O)CC(=O)O)C#N,ClC(Cl)Cl,384.6
CN(c1ccc(cc1)C#Cc1ccc(cc1)c1c(F)c(F)c(c(c1F)F)c1ccc(cc1)C#Cc1ccc(cc1)N(C)C)C,ClC(Cl)Cl,309.2
CCOC(=O)c1cc(n2c1cccn2)C(=O)c1ccc(cc1)Cl,CCO,323.9
F[B-]1(F)Oc2ccc3c(c2c2[n+]1c1CCc4c(c1c1c2c2ccccc2CC1)cccc4)cccc3,ClC(Cl)Cl,353.8
O=C1c2ccccc2C(=O)c2c1c(ccc2c1ccccc1)c1ccccc1,ClC(Cl)Cl,369.6
c1ccc(cc1)n1c2ccc(cc2c2c1cccc2)c1nc2ccccc2c(n1)c1ccc2c(c1)c1ccccc1n2c1ccccc1,ClC(Cl)Cl,306
COc1cc(c(cc1C(=Cc1ccc(cc1)c1nnc(o1)C)C#N)OC)C(=Cc1ccc(cc1)c1nnc(o1)C)C#N,ClC(Cl)Cl,330.5
CCc1nccnc1C(=O)C=Cc1ccc(cc1)Cl,CCO,354.2
[C-]#[N+]c1ccc(cc1)c1ccc(cc1)N(C)C,CCCCCC,279.4
CC(=O)c1cc2cc3ccccc3nc2nc1C,CC(=O)C,340.3
CC(C1=CC(=CC=Cc2cnccn2)C=C(O1)C(C)(C)C)(C)C,ClC(Cl)Cl,347.2
CO[Si](CCCSC(=O)c1ccccc1)(OC)OC,ClC(Cl)Cl,276.2
COc1ccc(cc1OC)c1nc2CCc3c(c2c2c1c1ccc(cc1CC2)Br)ccc(c3)Br,ClC(Cl)Cl,302.4
CNc1ccc(cc1)O,O,280.8
Cc1ccc(cc1)N(c1ccc2c3c1ccc1c3c(cc2)ccc1)c1ccc(cc1)C,ClC(Cl)Cl,357.6
CCOC(=O)c1cc(c2n1nc(cc2)c1ccc(cc1)Br)C(=O)OC,CC#N,321.1
Cc1nn(c(c1)C)c1ccccn1,CC#N,244.2
C#Cc1ccc(cc1)N(c1ccc(cc1)C#Cc1ccc(nn1)OC)c1ccc(cc1)C#Cc1ccc(nn1)OC,ClC(Cl)Cl,345.1
Clc1ccc2c(c1)nccc2n1nnc(c1C)C(=O)C=Cc1ccc(cc1)OCCCN1CCN(CC1)c1ncccn1,CO,316.3
N#Cc1c(N)sc2c1c1ccccc1C2=Nc1ccccc1,CC(=O)C,390.6
CONc1c(cc(cc1[N+](=O)[O-])C(=O)OCC(=O)c1ccc2c3c1ccc1c3c(cc2)ccc1)[N+](=O)[O-],CO,347.7
C1(C)c2cc3c(C#C[Si](C)(C)C)c4ccccc4c(c3cc2c2c1cccc2)C#C[Si](C)(C)C,ClC(Cl)Cl,419.4
CN(c1ccc(cc1)C#Cc1ccc(cc1)C=C(C(=O)O)C#N)C,ClC(Cl)Cl,348.2
Nc1ccc2c(c1)oc(=O)cc2C,ClC(Cl)Cl,282.8
O=C1NC(=C2C1=C(OC2=O)c1ccc(cc1)[N+](=O)[O-])c1ccccc1,CS(=O)C,400.6
Clc1ccc2c(c1)nccc2n1nnc(c1C)C(=O)C=Cc1ccc(cc1)C(F)(F)F,CO,323.8
Cn1c2nc3ccccc3nc2c2c1cc(cc2)c1ccc(s1)c1ccc2c(c1)n(C)c1c2nc2c(n1)cccc2,ClC(Cl)Cl,352
c1ccc(cc1)C1=CC(=CC=Cc2cccnn2)C=C(O1)c1ccccc1,ClC(Cl)Cl,365.4
C(CP(c1ccccc1)c1ccccc1)CP(c1ccccc1)c1ccccc1,ClC(Cl)Cl,245.8
O=C1OC(=NC1=Cc1ccc(cc1)[N+](=O)[O-])c1ccccc1,C1CCOC1,340.7
CN1CCN(CC1)CCCOc1ccc(cc1)C=CC(=O)c1nnn(c1C)c1ccnc2c1ccc(c2)Cl,CO,315.6
Cc1nn2c(c1N=Nc1ccccc1)[nH]c(c2N=Nc1cccc(c1)[N+](=O)[O-])c1ccccc1,C1COCCO1,430.9
O=C(c1ccccc1)C=Cc1ccccc1,CC#N,312.4
O=C(c1cc2ccccc2cc1O)NN=Cc1ccccc1O,CO,326.1
Clc1ccc(cc1)c1cc(n(n1)Cc1ccc(nc1)Cl)c1nnc(o1)c1ccccc1,ClC(Cl)Cl,275.1
CCn1c2ccc(cc2c2c1ccc(c2)c1cccnc1OC)c1cccnc1OC,C1CCOC1,297
